Prénomshommes;PrénomsFemmes;Nomdefamille;Nombredefrèresetsœurs;Métiers;Hobbies;Animal;Nomanimal
Thibault;Camille;Martin;0;ingénieur;lecture;Chien;Titi
Maxime;Sarah;Bernard;1;artiste;voyage;Chat;Minou
Antoine;Emma;Dubois;2;médecin;peinture;Poisson;Coco
Lucas;Manon;Thomas;3;enseignant;cuisine;Oiseau;Loulou
Hugo;Léa;Robert;4;avocat;sport;Lapin;Mimi
Nicolas;Chloé;Richard;;informaticien;musique;None;Doudou
Arthur;Inès;Petit;;pompier;jardinage;;Félix
Thomas;Louise;Durand;;policier;photographie;;Mistigri
Alexandre;Jade;Leroy;;chef;bricolage;;Bella
Quentin;Alice;Moreau;;architecte;couture;;Moustique
Paul;Anna;Simon;;comptable;randonnée;;
Louis;Juliette;Laurent;;pharmacien;natation;;
Julien;Lola;Lefebvre;;vétérinaire;équitation;;
Gabriel;Clara;Michel;;jardinier;cinéma;;
Matthieu;Zoé;Garcia;;boulanger;théâtre;;
Vincent;Romane;David;;cuisinier;danse;;
Baptiste;Lina;Bertrand;;journaliste;yoga;;
Romain;Charlotte;Roux;;plombier;pêche;;
Simon;Eva;Vincent;;électricien;plongée;;
Pierre;Margaux;Fournier;;maçon;escalade;;
Mathieu;Lisa;Morel;;carpenter;ski;;
Adrien;Maëlle;Girard;;charpentier;surf;;
Clément;Louna;Andre;;plâtrier;kitesurf;;
Guillaume;Mathilde;Lefevre;;menuisier;volleyball;;
David;Léna;Mercier;;peintre;basketball;;
Damien;Lucie;Dupont;;serrurier;football;;
Jules;Mila;Lambert;;mécanicien;tennis;;
Benjamin;Nina;Bonnet;;garagiste;golf;;
Cédric;Eléna;Francois;;tailleur;badminton;;
Rémi;Laura;Martinez;;couturier;vélo;;
Sébastien;Elsa;Legrand;;coiffeur;course;;
Laurent;Océane;Garnier;;esthéticien;karaté;;
Étienne;Jeanne;Faure;;serveur;judo;;
Alexis;Olivia;Rousseau;;barman;aïkido;;
Anthony;Noémie;Blanc;;gérant;boxe;;
Michaël;Rose;Guerin;;banquier;taekwondo;;
Florian;Margot;Muller;;économiste;bowling;;
Olivier;Agathe;Henry;;psychologue;billard;;
François;Sofia;Roussel;;conseiller;chasse;;
Sylvain;Alicia;Nicolas;;consultant;astronomie;;
Jonathan;Ambre;Perrin;;directeur;lecture;;
Xavier;Lou;Morin;;manager;écriture;;
Raphaël;Julie;Mathieu;;receptionniste;calligraphie;;
Jean;Julia;Clement;;technicien;peinture;;
Cyril;Anaïs;Gauthier;;analyste;sculpture;;
Dylan;Amandine;Dumont;;chercheur;poterie;;
Christophe;Mélanie;Lemaire;;professeur;modélisme;;
Kevin;Marine;Marie;;thérapeute;philatélie;;
Mickaël;Pauline;Noel;;ergothérapeute;numismatique;;
Philippe;Capucine;Meunier;;diététicien;cuisine;;
Jimmy;Valentine;Jacques;;orthophoniste;oenologie;;
Dimitri;Émilie;Caron;;infirmier;mixologie;;
Morgan;Maelle;Carre;;aide-soignant;cuisine;;
Julian;Salomé;Menard;;secrétaire;bénévolat;;
Arnaud;Manon;Barbier;;assistante;écologie;;
Éric;Louisa;Brun;;opérateur;jardinage;;
Christian;Laure;Guy;;ouvrier;bricolage;;
Fabien;Romane;Prevost;;chauffeur;voyage;;
Noël;Diane;Perez;;livreur;aventure;;
Alain;Hélène;Sanchez;;magasinier;découverte;;
Théo;Céline;Joly;;réparateur;photo;;
Robert;Caroline;Marchand;;agent;vidéo;;
Joseph;Nathalie;Dumas;;technicien;informatique;;
Marc;Sandra;Blanchard;;technologiste; self-defense;;
Georges;Mélissa;Huet;;téléopérateur;méditation;;
Patrick;Stéphanie;Brunet;;développeur;relaxation;;
André;Clémentine;Schmitt;;webdesigner;lecture;;
René;Sabrina;Dufour;;graphiste;écriture;;
Raymond;Elodie;Ruiz;;artiste;musique;;
Gérard;Aurélie;Delaunay;;photographe;chant;;
Roland;Fanny;Albert;;cinéaste;danse;;
Léon;Marion;Colin;;musicien;théâtre;;
Albert;Agnès;Renard;;chanteur;improvisation;;
Claude;Véronique;Picard;;acteur;couture;;
Bertrand;Laetitia;Chevalier;;athlète;tricot;;
Émile;Colette;Leclerc;;coach;crochet;;
Denis;Coralie;Lopez;;athlétique;maroquinerie;;
Maurice;Claire;Gomez;;entraîneur;photographie;;
Yves;Élodie;Leclercq;;astronome;vidéo;;
Marcel;Nicole;Bourgeois;;biologiste;astronomie;;
Vincent;Sylvie;Devaux;;chimiste;archéologie;;
Jacques;Cécile;Benoit;;géologue;généalogie;;
Roger;Marguerite;Guillaume;;mathématicien;course;;
Fernand;Monique;Bertin;;physicien;marche;;
François;Nadine;Roger;;statisticien;yoga;;
Henri;Christine;Rolland;;zoologiste;fitness;;
Pierre;Sophie;Roche;;horticulteur;crossfit;;
Bruno;Catherine;Marty;;marin;pilates;;
Charles;Marie;Payet;;généraliste;escalade;;
Sébastien;Isabelle;Pierre;;géomètre;;;
Jean-Claude;Véronique;Denis;;nutritionniste;;;
André;Patricia;Robin;;opticien;;;
Éric;Annie;Rodriguez;;préparateur;;;
François;Valérie;;;psychiatre;;;
Luc;Catherine;;;radiologue;;;
;Suzanne;;;;;;
;Josette;;;;;;
